file,audio_seconds,cinematic_seconds
frame_0000.png,0.000000,0.000000
frame_0001.png,0.021333,0.033333
frame_0002.png,0.064000,0.066667
frame_0003.png,0.085333,0.100000
frame_0004.png,0.128000,0.133333
frame_0005.png,0.149333,0.166667
frame_0006.png,0.192000,0.200000
frame_0007.png,0.234667,0.233333
frame_0008.png,0.256000,0.266667
frame_0009.png,0.298667,0.300000
frame_0010.png,0.320000,0.333333
frame_0011.png,0.362667,0.366667
frame_0012.png,0.384000,0.400000
frame_0013.png,0.426667,0.433333
frame_0014.png,0.469333,0.466667
frame_0015.png,0.490667,0.500000
frame_0016.png,0.533333,0.533333
frame_0017.png,0.554667,0.566667
frame_0018.png,0.597333,0.600000
frame_0019.png,0.618667,0.633333
frame_0020.png,0.661333,0.666667
frame_0021.png,0.682667,0.700000
frame_0022.png,0.725333,0.733334
frame_0023.png,0.768000,0.766667
frame_0024.png,0.789333,0.800000
frame_0025.png,0.832000,0.833334
frame_0026.png,0.853333,0.866667
frame_0027.png,0.896000,0.900000
frame_0028.png,0.917333,0.933334
frame_0029.png,0.960000,0.966667
frame_0030.png,1.002667,1.000000
frame_0031.png,1.024000,1.033334
frame_0032.png,1.066667,1.066667
frame_0033.png,1.088000,1.100000
frame_0034.png,1.130667,1.133334
frame_0035.png,1.152000,1.166667
frame_0036.png,1.194667,1.200000
frame_0037.png,1.216000,1.233333
frame_0038.png,1.258667,1.266667
frame_0039.png,1.301333,1.300000
frame_0040.png,1.322667,1.333333
frame_0041.png,1.365333,1.366667
frame_0042.png,1.386667,1.400000
frame_0043.png,1.429333,1.433333
frame_0044.png,1.450667,1.466667
frame_0045.png,1.493333,1.500000
frame_0046.png,1.536000,1.533333
frame_0047.png,1.557333,1.566666
frame_0048.png,1.600000,1.600000
frame_0049.png,1.621333,1.633333
frame_0050.png,1.664000,1.666666
frame_0051.png,1.685333,1.700000
frame_0052.png,1.728000,1.733333
frame_0053.png,1.749333,1.766666
frame_0054.png,1.792000,1.800000
frame_0055.png,1.834667,1.833333
frame_0056.png,1.856000,1.866666
frame_0057.png,1.898667,1.899999
frame_0058.png,1.920000,1.933333
frame_0059.png,1.962667,1.966666
frame_0060.png,1.984000,1.999999
frame_0061.png,2.026667,2.033333
frame_0062.png,2.069333,2.066666
frame_0063.png,2.090667,2.099999
frame_0064.png,2.133333,2.133333
frame_0065.png,2.154667,2.166666
frame_0066.png,2.197333,2.199999
frame_0067.png,2.218667,2.233333
frame_0068.png,2.261333,2.266666
frame_0069.png,2.282667,2.299999
frame_0070.png,2.325333,2.333333
frame_0071.png,2.368000,2.366666
frame_0072.png,2.389333,2.399999
frame_0073.png,2.432000,2.433332
frame_0074.png,2.453333,2.466666
frame_0075.png,2.496000,2.499999
frame_0076.png,2.517333,2.533332
frame_0077.png,2.560000,2.566666
frame_0078.png,2.602667,2.599999
frame_0079.png,2.624000,2.633332
frame_0080.png,2.666667,2.666666
frame_0081.png,2.688000,2.699999
frame_0082.png,2.730667,2.733332
frame_0083.png,2.752000,2.766665
frame_0084.png,2.794667,2.799999
frame_0085.png,2.816000,2.833332
frame_0086.png,2.858667,2.866665
frame_0087.png,2.901333,2.899999
frame_0088.png,2.922667,2.933332
frame_0089.png,2.965333,2.966665
frame_0090.png,2.986667,2.999999
frame_0091.png,3.029333,3.033332
frame_0092.png,3.050667,3.066665
frame_0093.png,3.093333,3.099998
frame_0094.png,3.136000,3.133332
frame_0095.png,3.157333,3.166665
frame_0096.png,3.200000,3.199998
frame_0097.png,3.221333,3.233332
frame_0098.png,3.264000,3.266665
frame_0099.png,3.285333,3.299998
frame_0100.png,3.328000,3.333332
frame_0101.png,3.349333,3.366665
frame_0102.png,3.392000,3.399998
frame_0103.png,3.434667,3.433331
frame_0104.png,3.456000,3.466665
frame_0105.png,3.498667,3.499998
frame_0106.png,3.520000,3.533331
frame_0107.png,3.562667,3.566665
frame_0108.png,3.584000,3.599998
frame_0109.png,3.626667,3.633331
frame_0110.png,3.669333,3.666665
frame_0111.png,3.690667,3.699998
frame_0112.png,3.733333,3.733331
frame_0113.png,3.754667,3.766665
frame_0114.png,3.797333,3.799998
frame_0115.png,3.818667,3.833331
frame_0116.png,3.861333,3.866664
frame_0117.png,3.882667,3.899998
frame_0118.png,3.925333,3.933331
frame_0119.png,3.968000,3.966664
frame_0120.png,3.989333,3.999998
frame_0121.png,4.032000,4.033331
frame_0122.png,4.053333,4.066664
frame_0123.png,4.096000,4.099998
frame_0124.png,4.117333,4.133331
frame_0125.png,4.160000,4.166664
frame_0126.png,4.202667,4.199997
frame_0127.png,4.224000,4.233331
frame_0128.png,4.266667,4.266664
frame_0129.png,4.288000,4.299997
frame_0130.png,4.330667,4.333331
frame_0131.png,4.352000,4.366664
frame_0132.png,4.394667,4.399997
frame_0133.png,4.416000,4.433331
frame_0134.png,4.458667,4.466664
frame_0135.png,4.501333,4.499997
frame_0136.png,4.522667,4.533330
frame_0137.png,4.565333,4.566664
frame_0138.png,4.586667,4.599997
frame_0139.png,4.629333,4.633330
frame_0140.png,4.650667,4.666664
frame_0141.png,4.693333,4.699997
frame_0142.png,4.736000,4.733330
frame_0143.png,4.757333,4.766664
frame_0144.png,4.800000,4.799997
frame_0145.png,4.821333,4.833330
frame_0146.png,4.864000,4.866663
frame_0147.png,4.885333,4.899997
frame_0148.png,4.928000,4.933330
frame_0149.png,4.949333,4.966663
frame_0150.png,4.992000,4.999997
frame_0151.png,5.034667,5.033330
frame_0152.png,5.056000,5.066663
frame_0153.png,5.098667,5.099997
frame_0154.png,5.120000,5.133330
frame_0155.png,5.162667,5.166663
frame_0156.png,5.184000,5.199996
frame_0157.png,5.226667,5.233330
frame_0158.png,5.269333,5.266663
frame_0159.png,5.290667,5.299996
frame_0160.png,5.333333,5.333330
frame_0161.png,5.354667,5.366663
frame_0162.png,5.397333,5.399996
frame_0163.png,5.418667,5.433330
frame_0164.png,5.461333,5.466663
frame_0165.png,5.482667,5.499996
frame_0166.png,5.525333,5.533329
frame_0167.png,5.568000,5.566663
frame_0168.png,5.589333,5.599996
frame_0169.png,5.632000,5.633329
frame_0170.png,5.653333,5.666663
frame_0171.png,5.696000,5.699996
frame_0172.png,5.717333,5.733329
frame_0173.png,5.760000,5.766663
frame_0174.png,5.802667,5.799996
frame_0175.png,5.824000,5.833329
frame_0176.png,5.866667,5.866663
frame_0177.png,5.888000,5.899996
frame_0178.png,5.930667,5.933329
frame_0179.png,5.952000,5.966662
frame_0180.png,5.994667,5.999996
frame_0181.png,6.016000,6.033329
frame_0182.png,6.058667,6.066662
frame_0183.png,6.101333,6.099996
frame_0184.png,6.122667,6.133329
frame_0185.png,6.165333,6.166662
frame_0186.png,6.186667,6.199996
frame_0187.png,6.229333,6.200000
